sutun,n_dolu,n_null,mean,std,min,Q1,median,Q3,max,skewness
null_sayisi,617,0,2.778,2.024,1.0,2.0,2.0,3.0,23.0,4.306
fenolojik_evre__G9,312,305,7.115,0.561,7.0,7.0,7.0,7.0,10.0,4.762
istasyon_no__C6,617,0,237.812,995.474,1.01,25.04,40.07,51.02,7202.0,5.182
enlem_dd_final,617,0,38.475,1.198,36.241,37.427,38.41,39.381,41.583,0.22
boylam_dd_final,617,0,33.142,3.881,26.401,29.596,33.408,35.34,43.628,0.198
dane_m2_hesap_gram__C21,578,39,691.791,447.608,1.838,353.804,580.287,922.037,1972.186,0.936
dane_m2_gercek_gram__D21,608,9,623.037,386.788,1.985,323.611,542.907,840.973,1787.045,0.819
m2_sap_agirlik_kg__C17,617,0,0.726,0.674,0.027,0.318,0.549,0.921,8.127,4.114
olcum_alani_basak__C11,579,38,59.72,27.158,12.0,39.0,54.0,75.0,148.0,0.97
olcum_alani_carpani__E13,617,0,8.901,3.96,4.0,8.0,8.0,8.0,16.0,0.836
basaksiz_bitki_sayisi__C13,617,0,1.585,3.559,0.0,0.0,0.0,0.0,30.0,3.055
olcum_basak_agirlik_ham__C41,572,45,95255.175,57966.115,5846.0,52924.5,83186.5,121878.25,268050.0,1.038
m2_basak_sayisi__C12,587,30,507.973,222.866,48.0,342.0,488.0,640.0,1232.0,0.671
m2_basaksiz_bitki__C14,617,0,9.938,24.096,0.0,0.0,0.0,0.0,256.0,3.937
m2_toplam_bitki__C15,589,28,520.53,230.036,96.0,356.0,496.0,656.0,1456.0,0.783
ort_basak_uzunluk_cm__B40,617,0,7.167,1.752,2.95,5.92,7.02,8.35,12.68,0.441
ort_basak_agirlik_mg__C40,617,0,1881.084,789.717,231.5,1274.5,1763.6,2422.6,4276.286,0.508
ort_dane_sayisi__D40,617,0,33.648,12.837,4.12,23.5,33.2,42.5,69.4,0.251
ort_dane_agirlik_mg__E40,617,0,1386.314,614.392,7.181,926.5,1309.6,1821.4,3250.0,0.489
bir_basaktaki_ort_dane_agirlik_gram__C20,617,0,1.386,0.614,0.007,0.926,1.31,1.821,3.25,0.489
bin_dane_agirlik_gram__C22,616,1,41.209,8.962,17.478,34.753,40.9,47.295,68.248,0.114
basak_dane_oran__D41,603,14,0.735,0.064,0.544,0.695,0.736,0.77,0.925,0.148
ort_sap_basak_boyu__H39,617,0,7.28,2.037,3.1,5.75,6.9,8.8,13.9,0.511
ort_sap_basak_alti_boyu__I39,617,0,67.322,15.386,24.5,56.2,68.3,77.2,119.8,0.107
ort_sap_boy_cm__J39,617,0,74.589,16.437,31.1,62.9,75.3,85.6,130.38,0.132
b1_uzunluk_cm__B29,608,9,8.491,2.117,3.0,7.0,8.5,10.0,14.5,0.201
b2_uzunluk_cm__B30,615,2,8.139,2.075,3.0,6.5,8.0,9.5,14.0,0.271
b3_uzunluk_cm__B31,611,6,7.844,1.963,3.0,6.5,7.6,9.0,14.5,0.355
b4_uzunluk_cm__B32,616,1,7.576,1.937,3.0,6.1,7.5,9.0,14.5,0.377
b5_uzunluk_cm__B33,616,1,7.338,1.909,2.8,6.0,7.0,8.5,13.5,0.411
b6_uzunluk_cm__B34,616,1,7.092,1.897,2.0,6.0,7.0,8.2,12.5,0.449
b7_uzunluk_cm__B35,616,1,6.795,1.867,2.5,5.5,6.5,8.0,14.6,0.509
b8_uzunluk_cm__B36,616,1,6.512,1.844,2.0,5.0,6.5,7.525,13.0,0.504
b9_uzunluk_cm__B37,616,1,6.162,1.837,2.0,5.0,6.0,7.5,12.0,0.5
b10_uzunluk_cm__B38,617,0,5.688,1.837,1.8,4.5,5.5,7.0,12.0,0.651
b1_agirlik_mg__C29,592,25,2454.762,1037.556,323.0,1687.25,2360.5,3185.25,5126.0,0.354
b2_agirlik_mg__C30,605,12,2298.035,1015.196,204.0,1569.0,2110.0,2978.0,5097.0,0.503
b3_agirlik_mg__C31,613,4,2204.675,972.285,109.0,1485.0,2052.0,2838.0,5132.0,0.528
b4_agirlik_mg__C32,612,5,2064.783,925.972,170.0,1375.0,1963.5,2707.25,5099.0,0.505
b5_agirlik_mg__C33,614,3,1967.55,940.16,153.0,1276.0,1835.0,2512.5,4892.0,0.628
b6_agirlik_mg__C34,612,5,1835.832,891.488,135.0,1170.75,1752.0,2398.0,5046.0,0.677
b7_agirlik_mg__C35,617,0,1711.65,863.839,134.0,1095.0,1600.0,2193.0,4832.0,0.87
b8_agirlik_mg__C36,616,1,1563.648,809.552,163.0,968.5,1436.5,2033.0,5044.0,0.883
b9_agirlik_mg__C37,613,4,1395.357,784.165,122.0,815.0,1222.0,1857.0,4735.0,1.035
b10_agirlik_mg__C38,603,14,1235.484,753.679,132.0,668.0,1028.0,1635.0,4976.0,1.122
b1_dane_sayisi__D29,611,6,42.732,17.255,6.0,30.0,42.0,56.0,89.0,0.19
b2_dane_sayisi__D30,611,6,39.673,16.537,7.0,26.0,38.0,51.0,86.0,0.312
b3_dane_sayisi__D31,616,1,37.621,15.057,3.0,26.0,37.5,47.0,84.0,0.296
b4_dane_sayisi__D32,616,1,36.774,14.767,2.0,26.0,37.0,48.0,82.0,0.126
b5_dane_sayisi__D33,615,2,34.743,14.65,3.0,23.0,34.0,44.0,84.0,0.359
b6_dane_sayisi__D34,613,4,33.515,14.476,1.0,23.0,33.0,43.0,81.0,0.434
b7_dane_sayisi__D35,612,5,31.75,14.183,1.0,20.0,31.0,41.0,79.0,0.535
b8_dane_sayisi__D36,616,1,29.369,13.729,1.0,19.0,28.0,38.0,86.0,0.642
b9_dane_sayisi__D37,614,3,26.627,12.837,1.0,17.0,25.0,35.0,66.0,0.555
b10_dane_sayisi__D38,614,3,23.608,12.39,2.0,14.0,22.0,30.75,79.0,0.833
b1_dane_agirlik_mg__E29,593,24,1800.009,812.524,7.17,1213.0,1684.0,2337.0,3949.0,0.365
b2_dane_agirlik_mg__E30,602,15,1681.206,784.935,10.18,1154.25,1544.5,2229.75,3909.0,0.449
b3_dane_agirlik_mg__E31,605,12,1593.705,738.872,8.45,1081.0,1472.0,2053.0,3900.0,0.527
b4_dane_agirlik_mg__E32,610,7,1522.647,747.728,9.2,982.5,1411.5,2020.25,3746.0,0.526
b5_dane_agirlik_mg__E33,608,9,1446.937,740.719,7.5,926.25,1356.5,1830.0,3913.0,0.637
b6_dane_agirlik_mg__E34,605,12,1344.325,690.628,5.75,822.0,1253.0,1815.0,3907.0,0.617
b7_dane_agirlik_mg__E35,612,5,1282.387,701.516,7.62,737.75,1162.0,1667.0,3794.0,0.823
b8_dane_agirlik_mg__E36,610,7,1151.936,638.0,5.87,689.0,1030.5,1503.0,3460.0,0.852
b9_dane_agirlik_mg__E37,608,9,1044.066,629.297,2.89,589.5,897.0,1401.25,3742.0,0.979
b10_dane_agirlik_mg__E38,599,18,928.117,588.986,49.0,488.5,789.0,1265.0,3888.0,1.102
b1_sap_basak_boyu_cm__H29,617,0,7.549,2.292,2.5,6.0,7.0,9.0,16.0,0.389
b2_sap_basak_boyu_cm__H30,616,1,7.492,2.368,2.0,6.0,7.0,9.0,17.0,0.565
b3_sap_basak_boyu_cm__H31,615,2,7.438,2.286,2.0,6.0,7.0,9.0,17.0,0.412
b4_sap_basak_boyu_cm__H32,617,0,7.379,2.348,2.0,6.0,7.0,9.0,16.0,0.544
b5_sap_basak_boyu_cm__H33,615,2,7.2,2.352,3.0,5.0,7.0,9.0,15.0,0.581
b6_sap_basak_boyu_cm__H34,617,0,7.277,2.38,2.0,5.0,7.0,9.0,15.0,0.502
b7_sap_basak_boyu_cm__H35,615,2,7.238,2.53,2.5,5.0,7.0,9.0,16.0,0.611
b8_sap_basak_boyu_cm__H36,617,0,7.152,2.461,2.0,5.0,7.0,9.0,16.0,0.58
b9_sap_basak_boyu_cm__H37,615,2,7.072,2.468,2.5,5.0,7.0,9.0,17.0,0.572
b10_sap_basak_boyu_cm__H38,617,0,6.997,2.53,2.0,5.0,7.0,9.0,16.0,0.487
b1_sap_alt_cm__I29,613,4,66.072,17.717,22.0,54.0,66.0,78.0,125.0,0.192
b2_sap_alt_cm__I30,616,1,66.461,17.147,21.0,55.0,66.0,78.0,125.0,0.192
b3_sap_alt_cm__I31,613,4,67.01,16.666,28.0,55.0,67.0,77.0,123.0,0.286
b4_sap_alt_cm__I32,612,5,67.451,17.018,23.0,55.0,68.0,79.25,129.0,0.129
b5_sap_alt_cm__I33,615,2,67.385,16.656,21.0,55.0,68.0,79.0,128.0,0.112
b6_sap_alt_cm__I34,617,0,67.781,16.708,18.0,55.0,67.0,80.0,119.0,0.076
b7_sap_alt_cm__I35,614,3,68.106,16.984,21.0,55.0,69.0,80.0,120.0,0.1
b8_sap_alt_cm__I36,615,2,67.976,17.076,23.0,55.0,68.0,80.0,128.0,0.132
b9_sap_alt_cm__I37,615,2,67.161,17.316,23.0,55.0,69.0,79.0,126.0,0.083
b10_sap_alt_cm__I38,613,4,66.902,17.138,25.0,55.0,67.0,78.0,123.0,0.165
b1_sap_boy_cm__J29,613,4,73.602,18.718,31.0,60.0,74.0,86.0,136.0,0.202
b2_sap_boy_cm__J30,615,2,74.004,18.163,24.0,61.0,74.0,86.0,134.7,0.206
b3_sap_boy_cm__J31,611,6,74.302,17.469,30.0,61.0,75.0,85.0,134.0,0.231
b4_sap_boy_cm__J32,612,5,74.812,18.128,27.0,61.0,76.0,87.35,141.0,0.151
b5_sap_boy_cm__J33,613,4,74.449,17.548,29.0,62.0,75.0,87.0,139.0,0.113
b6_sap_boy_cm__J34,617,0,75.059,17.792,22.0,62.0,75.0,87.0,132.0,0.104
b7_sap_boy_cm__J35,612,5,75.394,18.203,25.0,62.0,76.0,88.0,130.0,0.121
b8_sap_boy_cm__J36,615,2,75.12,18.207,26.0,62.0,75.0,88.0,141.0,0.149
b9_sap_boy_cm__J37,613,4,74.285,18.504,28.0,62.0,75.0,87.0,139.0,0.128
b10_sap_boy_cm__J38,613,4,73.92,18.256,30.0,61.0,74.0,86.0,134.0,0.176
